大きさを持って,高らかに響かせて,大きさを持って, ,高らかに響かせて,大きさを持って
大きさを持って,高らかに響かせて,荒々しい, ,高らかに,大きさを持って
大きさを持って,高らかに響かせて,荒々しい, ,高らかに響かせて,大きさを持って
大きさを持って,高らかに響かせて,大きさを持って, ,高らかに響かせて,大きさを持って
大きさを持って,大きさを持って,表情豊かに, ,大きさを持って,大きさを持って
大きさを持って,高らかに響かせて, ,高らかに,大きさを持って
大きさを持って,表情豊かに, ,表情豊かに,大きさを持って
大きさを持って,表情豊かに, ,表情豊かに,大きさを持って
壮大に,表情豊かに, ,表情豊かに,壮大に
大きさを持って,荒々しく, ,荒々しく,大きさを持って
大きさを持って,大きさを持って, ,大きさを持って,大きさを持って
大きさを持って,大きさを持って, ,大きさを持って,大きさを持って
高らかに響かせて,大きさを持って, ,大きさを持って,高らかに響かせて
大きさを持って,大きさを持って,勢いのない, ,大きさを持って,大きさを持って
大きさを持って,大きさを持って,表情豊かに, ,大きさを持って,大きさを持って
大きさを持って,静かな,勢いのない, ,静かな,大きさを持って
大きさを持って,大きさを持って,静かな, ,大きさを持って,大きさを持って
大きさを持って,大きさを持ってい,静かな, ,大きさを持ってい,大きさを持って
大きさを持って,荒々しい,荒々しく, ,荒々しい,大きさを持って
大きさを持って,大きさを持って,勢いのない, ,大きさを持って,大きさを持って
大きさを持って,大きさを持って,荒々しく, ,大きさを持って,大きさを持って
高らかに響かせて,勢いのない,勢いのない, ,勢いのない,高らかに響かせて
高らかに響かせて,燃えるような,静かな, ,燃えるような,高らかに響かせて
壮大に,荒々しく,勢いのない, ,荒々しく,壮大に
壮大に,燃えるような,高らかに響かせて, ,燃えるような,壮大に
壮大に,表情豊かに,高らかに, ,表情豊かに,壮大に
壮大に,表情豊かに,高らかに響かせて, ,表情豊かに,壮大に
壮大に,荒々しく, ,荒々しく,壮大に
壮大に,表情豊かに, ,表情豊かに,壮大に
高らかに響かせて,高らかに響かせせて, ,高らかに響かせせて,高らかに響かせて
大きさを持って,静かな, ,静かな,大きさを持って
表情豊かに,荒々しく,表情豊かに, ,荒々しく,表情豊かに
高らかに響かせて,大きさを持って,表情豊かに, ,大きさを持って,高らかに響かせて
壮大に,勢いのない,荒々しく, ,勢いのない,壮大に
表情豊かに,表情豊かに,大きさを持って, ,表情豊かに,表情豊かに
壮大に,表情豊かに,大きさを持って, ,表情豊かに,壮大に
壮大に,荒々しく,大きさを持って, ,荒々しく,壮大に
壮大に,高らかに響かせせて,大きさを持って, ,高らかに響かせせて,壮大に
表情豊かに,表情豊かに,大きさを持って, ,表情豊かに,表情豊かに
高らかに響かせて,大きさを持って,静かな, ,大きさを持って,高らかに響かせて
燃えるような,荒々しく,大きさを持って, ,荒々しく,燃えるような
静かな,静かな,大きさを持ってい, ,静かな,静かな
燃えるような,高らかに響かせて,荒々しい, ,高らかに響かせて,燃えるような
静かな,表情豊かに,大きさを持って, ,表情豊かに,静かな
勢いのない,勢いのない,大きさを持って, ,勢いのない,勢いのない
勢いのない,表示ょ豊かに,勢いのない, ,表示ょ豊かに,勢いのない
勢いのない,表情豊かに,燃えるような, ,表情豊かに,勢いのない
静かな,静かな, ,静かな,静かな
勢いのない,静かな, ,静かな,勢いのない
該当なし,高らかに響かせせて, ,高らかに響かせせて,該当なし
勢いのない,勢いのない, ,勢いのない,勢いのない
静かな,表情豊かに, ,表情豊かに,静かな
静かな,静かな, ,静かな,静かな
高らかに響かせて,燃えるような, ,燃えるような,高らかに響かせて
大きさを持って,高らかに響かせて, ,高らかに響かせて,大きさを持って
大きさを持って,大きさを持って, ,大きさを持って,大きさを持って
大きさを持って,大きさを持って, ,大きさを持って,大きさを持って
大きさを持って,荒々しい,勢いのない, ,荒々しい,大きさを持って
大きさを持って,荒々しい,表情豊かに, ,荒々しい,大きさを持って
大きさを持って,大きさを持って,表情豊かに, ,大きさを持って,大きさを持って
delirante,表情豊かに,荒々しく, ,表情豊かに,delirante
燃えるような,勢いのない,高らかに響かせせて, ,勢いのない,燃えるような
勢いのない,勢いのない,表情豊かに, ,勢いのない,勢いのない
表情豊かに,表情豊かに,大きさを持って, ,表情豊かに,表情豊かに
該当なし,静かな,荒々しく, ,静かな,該当なし
静かな,荒々しく,静かな, ,荒々しく,静かな
静かな,勢いのない,高らかに響かせて, ,勢いのない,静かな
燃えるような,表情豊かに,表情豊かに, ,表情豊かに,燃えるような
静かな,勢いのない, ,勢いのない,静かな
静かな,勢いのない, ,勢いのない,静かな
燃えるような,表情豊かに, ,表情豊かに,燃えるような
燃えるような,勢いのない, ,勢いのない,燃えるような
静かな,静かな, ,静かな,静かな
燃えるような,静かな, ,静かな,燃えるような
燃えるような,荒々しく, ,荒々しく,燃えるような
静かな,勢いのない, ,勢いのない,静かな
燃えるような,荒々しく, ,荒々しく,燃えるような
静かな,勢いのない, ,勢いのない,静かな
静かな,静かな, ,静かな,静かな
勢いのない,勢いのない, ,勢いのない,勢いのない
